rt_name,perplexity,avg_log_likelihood,molecular_weight,aromaticity,instability_index,isoelectric_point,helix,turn,sheet,gravy,arginine_r_charge,lysine_k_charge,aspartate_d_charge,glutamate_e_charge,native_net_charge,t40_raw,t45_raw,t50_raw,t55_raw,t60_raw,t65_raw,t70_raw,t75_raw,t80_raw,thermophilicity_num,clash_binary,triad_found_bin,D1_D2_dist,D2_D3_dist,triad_best_rmsd,n_hydrophobic_contacts,n_salt_bridges,n_hbonds,hydrophobic_per_res,salt_per_res,hbonds_per_res,pocket_hydrophobic,pocket_salt_bridges,pocket_hbonds,pocket_hydrophobic_per_res,pocket_hbonds_per_res,whole_hydrophobic_fraction,whole_mean_hydrophobicity,whole_std_hydrophobicity,yxdd_hydrophobic_fraction,yxdd_mean_hydrophobicity,hairpin_pass,best_confidence,best_s1_len,best_turn_len,best_s2_len,n_strands_total,n_hairpins_found,pct_E,pct_H,thumb_total_residues,thumb_surface_residues,thumb_surface_positive,thumb_surface_negative,thumb_surface_net_charge,thumb_charge_ratio,thumb_fident,thumb_charge_class_num,has_dgr_motif,ramachandran_favoured,ramachandran_allowed,ramachandran_outliers,g_factor_dihedrals,g_factor_covalent,g_factor_overall,camsol_score,camsol_mean_profile,camsol_min_profile,camsol_frac_poor,camsol_frac_good,sasa_total,sasa_avg,sasa_high_pct,sasa_medium_pct,sasa_low_pct,yxdd_y_is_strand,yxdd_x_is_turn,yxdd_d1_is_turn,yxdd_d2_is_strand,qg_motif_found,sp_motif_found,sp_s_is_helix,sp_p_is_helix,foldseek_best_TM,foldseek_best_LDDT,foldseek_best_fident,foldseek_TM_HIV1,foldseek_TM_MMLV,foldseek_TM_MMLVPE,foldseek_TM_Retron,foldseek_TM_LTRRetrotransposon,foldseek_TM_Group2Intron,foldseek_TM_Telomerase,rnaseH_dedd_found,rnaseH_dedd_rmsd,palm_rnaseH_contact_density,rnaseH_cterminal_helix_frac,palm_rnaseH_com_dist,palm_internal_rmsd,palm_contact_entropy,palm_plddt_mean,palm_plddt_cv,palm_charge_density_pos,palm_charge_density_neg
A.platensis-Cas1-RT,7.073275089263916,-1.9563236236572263,31155.3486,0.1043165467625899,41.65183453237411,6.113795280456542,0.3165467625899281,0.2446043165467625,0.4172661870503597,0.0118705035971222,20,9,14,18,-3,0.8797,0.8276,0.8228,0.8143,0.4926,0.1954,0.1309,0.07932,0.03345,2,0,1.0,11.5889,3.8325,7.4584,163.0,6.0,435.0,0.586,0.0216,1.565,9.0,0.0,12.0,0.409,0.545,0.4101,0.0119,3.1276,0.6667,1.2889,1.0,0.727,7.0,5.0,6.0,11.0,1.0,18.8,45.5,,,,,,,,,0,94.7,5.3,0.0,0.09,-0.02,0.03,0.2775,-0.2616873286673748,-2.2426819417420445,0.2050359712230215,0.0683453237410072,2352.1,117.61,15.0,65.0,20.0,1.0,1.0,1.0,1.0,1.0,0.0,0.0,0.0,0.938,0.7883,0.281,0.7081,0.6936,0.6689,0.8251,0.5711,0.938,0.8278,1.0,5.75241763633338,0.0509090909090909,0.795,2.962077592668088,10.911463977350987,3.927599155314725,0.9232231404958676,0.0416890213961684,0.0826446280991735,0.1157024793388429
AFY36037.1-RT,4.37030553817749,-1.4748328924179075,26289.964,0.1017699115044247,45.812389380530966,10.414819145202635,0.3141592920353982,0.2389380530973451,0.3716814159292035,-0.3942477876106195,22,13,13,6,16,0.6142,0.5676,0.4957,0.4921,0.363,0.2561,0.147,0.00993,0.001999,2,0,1.0,26.9361,3.8203,18.1213,100.0,4.0,342.0,0.442,0.0177,1.513,4.0,0.0,12.0,0.222,0.667,0.4027,-0.3942,3.2604,0.5714,0.6643,0.0,,,,,7.0,0.0,15.1,52.0,,,,,,,,,1,90.4,8.7,1.0,0.09,-0.38,-0.1,1.163689,-0.0348964812690175,-2.671303083789491,0.1283185840707964,0.1283185840707964,2595.36,129.77,30.0,55.0,15.0,1.0,1.0,1.0,1.0,0.0,0.0,0.0,0.0,0.7864,0.6863,0.161,0.7666,0.7653,0.6804,0.7227,0.5479,0.7864,0.7272,1.0,4.279993073160518,0.0437190082644628,0.86,8.747558022823723,9.678892067550676,3.9272648382020856,0.8077685950413223,0.2260386868133511,0.1652892561983471,0.0991735537190082
ASLV-RT,9.393178939819336,-2.2399837970733643,62886.19409999999,0.0769230769230769,44.97361888111895,6.504790687561035,0.3496503496503496,0.2622377622377622,0.3863636363636363,0.0636363636363636,31,23,25,32,-3,0.6316,0.4708,0.4257,0.5723,0.3353,0.7082,0.8049,0.2842,0.1978,1,1,1.0,5.9688,3.8179,0.2268,376.0,12.0,737.0,0.657,0.021,1.288,10.0,0.0,17.0,0.435,0.739,0.4231,0.0636,3.0196,0.5789,0.9211,1.0,0.79,5.0,5.0,5.0,25.0,4.0,23.1,35.0,70.0,48.0,7.0,7.0,0.0,1.0,0.229,0.0,0,90.8,9.0,0.2,-0.08,-0.31,-0.19,-0.76549,-0.2689974793461915,-2.454570270016589,0.2115384615384615,0.0664335664335664,2937.61,146.88,40.0,60.0,0.0,1.0,1.0,1.0,1.0,1.0,1.0,1.0,1.0,0.9344,0.7796,0.309,0.9344,0.9311,0.8359,0.6563,0.7456,0.6675,0.5626,1.0,5.625124271817181,0.0,0.765,53.76352948175369,12.524250873760204,3.952507802823715,0.9534710743801652,0.0297474848731711,0.1157024793388429,0.0991735537190082
AVIRE-RT,4.599065780639648,-1.525853157043457,77034.3923,0.0735930735930736,42.47012987012997,6.9648454666137685,0.3578643578643579,0.2568542568542568,0.3809523809523809,-0.2266955266955267,45,33,35,44,-1,0.4672,0.5492,0.5717,0.7853,0.6013,0.8282,0.84,0.386,0.2096,1,1,1.0,6.1404,3.8527,0.1852,377.0,20.0,921.0,0.544,0.0289,1.329,16.0,0.0,13.0,0.667,0.542,0.3824,-0.2267,3.0304,0.6,1.095,1.0,0.765,5.0,6.0,5.0,24.0,6.0,23.0,35.8,87.0,53.0,8.0,5.0,3.0,1.6,0.505,1.0,0,91.7,8.0,0.3,-0.04,-0.35,-0.18,0.532101,-0.005193333779992,-2.2931045774765533,0.1269841269841269,0.1399711399711399,2771.97,138.6,40.0,55.0,5.0,1.0,1.0,1.0,1.0,1.0,1.0,1.0,1.0,0.9678,0.8516,0.603,0.9647,0.9678,0.9572,0.7711,0.7082,0.6582,0.5408,1.0,3.541100010707121,0.0,0.785,72.90444463884444,12.095580668981972,3.946315677991183,0.9586776859504134,0.0272517437064438,0.1074380165289256,0.140495867768595
Abi-RT,14.774211883544922,-2.692883253097534,36263.8517,0.0952380952380952,32.23339682539682,8.455109214782716,0.326984126984127,0.2666666666666666,0.3746031746031746,-0.5396825396825397,15,31,21,22,3,0.1474,0.07515,0.08933,0.03547,0.04808,0.06521,0.01785,0.01401,0.0172,0,0,1.0,44.4348,3.8313,27.1487,132.0,17.0,515.0,0.419,0.054,1.635,13.0,0.0,13.0,0.722,0.722,0.3365,-0.5397,3.1401,0.5714,1.1286,1.0,0.675,4.0,2.0,4.0,6.0,1.0,14.3,52.2,63.0,58.0,10.0,7.0,3.0,1.429,0.126,1.0,0,92.8,6.9,0.3,0.11,-0.16,0.01,1.231134,0.0853147888748678,-2.089162974138474,0.1142857142857142,0.1714285714285714,2437.99,121.9,35.0,40.0,25.0,0.0,0.0,0.0,0.0,1.0,0.0,0.0,0.0,0.7568,0.5279,0.135,0.7047,0.6961,0.4734,0.7541,0.4228,0.7568,0.5732,1.0,16.935191323659573,0.0449173553719008,0.865,5.043055914908749,11.265334793379395,3.934962065256438,0.8993388429752066,0.0939348996283125,0.1735537190082644,0.1570247933884297
BAEMV-RT,3.863266706466675,-1.351513147354126,76835.1157,0.0754716981132075,41.78098693759086,8.006151390075683,0.3381712626995646,0.2554426705370102,0.3773584905660377,-0.344267053701016,38,40,37,39,2,0.541,0.6822,0.6048,0.8237,0.5548,0.833,0.8123,0.2282,0.09436,2,0,1.0,6.1124,3.8391,0.1996,352.0,17.0,914.0,0.511,0.0247,1.327,19.0,0.0,14.0,0.792,0.583,0.3599,-0.3443,2.9962,0.6,1.095,1.0,0.75,5.0,6.0,5.0,24.0,6.0,23.0,37.4,86.0,55.0,10.0,7.0,3.0,1.429,0.662,1.0,0,88.7,10.5,0.8,-0.09,-0.42,-0.22,0.789726,-0.0061306279481462,-2.345839985068659,0.127721335268505,0.1233671988388969,2647.47,132.37,25.0,70.0,5.0,1.0,1.0,1.0,1.0,1.0,1.0,1.0,1.0,0.98,0.8752,0.741,0.9756,0.98,0.9673,0.7723,0.593,0.6577,0.5771,1.0,4.877621276394568,0.0,0.785,71.38323459686062,12.104414225087949,3.948544736224547,0.9657851239669424,0.0268476749031848,0.1570247933884297,0.1157024793388429
BLV-RT,12.167980194091797,-2.498807907104492,65368.1957,0.0924657534246575,62.81780821917829,6.873846244812013,0.3047945205479452,0.2945205479452055,0.3801369863013698,-0.1657534246575343,31,14,23,24,-2,0.8775,0.7637,0.7254,0.7468,0.4875,0.8038,0.9293,0.3914,0.1363,1,1,1.0,6.7487,3.7806,0.4577,312.0,8.0,775.0,0.534,0.0137,1.327,15.0,0.0,11.0,0.682,0.5,0.3767,-0.1658,2.9862,0.5556,1.1833,1.0,0.78,5.0,5.0,5.0,27.0,6.0,22.5,37.2,76.0,46.0,6.0,5.0,1.0,1.2,0.22,0.0,0,91.4,8.3,0.2,-0.1,-0.53,-0.28,-0.398653,-0.2320647646428694,-2.091797682716102,0.1763698630136986,0.0873287671232876,2597.38,129.87,40.0,50.0,10.0,1.0,1.0,1.0,1.0,1.0,1.0,1.0,1.0,0.9063,0.7304,0.285,0.9031,0.9063,0.8455,0.6878,0.5691,0.6637,0.5709,1.0,2.846953049560856,0.0,0.8,45.713818451159575,12.6496213091778,3.9452453278880624,0.9222314049586776,0.0401017337144137,0.1239669421487603,0.0743801652892562
Bel-RT,5.843635559082031,-1.765353083610535,52305.7025,0.0862068965517241,39.95239224137929,8.396571922302247,0.3060344827586207,0.2737068965517241,0.3987068965517241,-0.0954741379310345,30,23,28,21,4,0.575,0.8018,0.8066,0.8197,0.7892,0.8257,0.951,0.8933,0.8736,3,0,1.0,5.6213,3.8248,0.2145,232.0,12.0,613.0,0.5,0.0259,1.321,10.0,0.0,13.0,0.435,0.565,0.3987,-0.0955,3.1091,0.6842,1.1053,1.0,0.775,4.0,8.0,4.0,16.0,2.0,22.5,41.5,56.0,40.0,5.0,5.0,0.0,1.0,0.114,0.0,0,93.0,6.8,0.2,0.01,-0.12,-0.04,-0.431771,-0.226572609398387,-2.5303924830640523,0.1875,0.0905172413793103,2389.14,119.46,25.0,50.0,25.0,0.0,1.0,1.0,1.0,0.0,1.0,0.0,0.0,0.8537,0.5443,0.098,0.8537,0.8393,0.8375,0.6579,0.4585,0.5673,0.5375,1.0,9.534151915348907,8.264462809917356e-05,0.765,35.320025660968504,12.077124279410766,3.961459293112908,0.9467768595041324,0.0882358023549129,0.1570247933884297,0.140495867768595
CHLRE,14.97994327545166,-2.706712245941162,42403.9089,0.1117166212534059,46.75722070844685,9.559388160705566,0.329700272479564,0.2016348773841962,0.4114441416893732,-0.0874659400544959,13,22,13,8,14,0.8771,0.9131,0.7468,0.6032,0.2617,0.1174,0.2243,0.1519,0.1244,2,0,0.0,,,,227.0,6.0,584.0,0.619,0.0163,1.591,0.0,0.0,0.0,0.0,0.0,0.4196,-0.0875,3.1094,,,1.0,0.685,7.0,5.0,6.0,10.0,1.0,15.6,51.6,97.0,55.0,8.0,8.0,0.0,1.0,0.098,0.0,0,87.8,10.1,2.1,-0.05,-0.61,-0.25,-1.68798,-0.5950542591477369,-2.702570858845654,0.3024523160762943,0.0272479564032697,2224.42,111.22,15.0,70.0,15.0,0.0,0.0,0.0,0.0,1.0,1.0,1.0,1.0,0.8135,0.6196,0.125,0.6559,0.6621,0.5051,0.7484,0.5746,0.8135,0.751,1.0,5.677207774011794,0.0008737864077669,0.795,29.199222404306298,9.168721319334352,3.9731364557055713,0.7688349514563105,0.1888966158982613,0.145631067961165,0.087378640776699
CRISPRRT2-RT,5.294905662536621,-1.6667451858520508,36247.173,0.0877742946708464,29.598746081504693,8.808073616027833,0.2727272727272727,0.2821316614420063,0.3887147335423198,-0.215987460815047,19,22,21,16,4,0.2064,0.1278,0.06472,0.04293,0.01897,0.0133,0.004877,0.002055,0.0005113,0,0,1.0,14.9349,3.8714,9.4629,176.0,7.0,492.0,0.552,0.0219,1.542,11.0,0.0,11.0,0.478,0.478,0.3856,-0.216,3.2503,0.6842,1.2947,1.0,0.664,7.0,5.0,6.0,11.0,1.0,16.4,46.5,10.0,10.0,2.0,3.0,-1.0,0.667,0.2,0.0,0,91.0,8.7,0.3,0.07,-0.2,-0.03,0.53376,-0.0977203090821292,-2.511093076802456,0.1818181818181818,0.1128526645768025,2228.23,111.41,20.0,55.0,25.0,1.0,1.0,1.0,1.0,1.0,1.0,1.0,1.0,0.9155,0.7941,0.248,0.6902,0.6958,0.5897,0.852,0.5512,0.9155,0.7676,1.0,10.30784514166341,0.0490082644628099,0.815,7.83525200038299,10.89127398312626,3.937065253172293,0.9471900826446282,0.0388258564741568,0.0991735537190082,0.1322314049586777
CaMV-RT,8.462363243103027,-2.135628461837769,78785.1575,0.0967741935483871,38.80029325513207,9.207777595520016,0.3343108504398827,0.2580645161290322,0.3651026392961876,-0.4670087976539589,27,75,34,47,21,0.4656,0.4951,0.3548,0.5784,0.5919,0.7861,0.7854,0.7201,0.3788,1,1,1.0,17.6487,3.844,10.887,313.0,30.0,865.0,0.459,0.044,1.268,16.0,0.0,12.0,0.696,0.522,0.3578,-0.467,3.1715,0.7368,1.8,1.0,0.818,3.0,4.0,3.0,30.0,7.0,25.7,33.0,87.0,55.0,11.0,6.0,5.0,1.833,0.252,1.0,0,86.4,11.5,2.1,-0.14,-0.92,-0.44,0.498119,0.0255359634678044,-2.567582514309269,0.1524926686217008,0.1495601173020528,2911.44,145.57,45.0,55.0,0.0,1.0,1.0,1.0,1.0,1.0,0.0,0.0,0.0,0.9014,0.7026,0.229,0.9014,0.8859,0.8711,0.7359,0.5774,0.6609,0.5473,1.0,11.760030585847176,0.0007438016528925,0.8,35.24545234762121,10.5157289661588,3.9467050068081857,0.9488429752066116,0.0396240889043366,0.1735537190082644,0.1074380165289256
DRG2-RT,3.685216188430786,-1.3043292760849,38790.8321,0.0833333333333333,51.28333333333332,10.23005275726318,0.3333333333333333,0.2261904761904762,0.3601190476190476,-0.2657738095238096,36,19,18,14,23,0.6287,0.5901,0.5363,0.4565,0.1982,0.1176,0.08559,0.0009921,0.000181,2,0,1.0,14.91,3.8574,9.586,193.0,11.0,582.0,0.574,0.0327,1.732,13.0,0.0,17.0,0.5,0.654,0.4107,-0.2658,3.2479,0.5909,0.6955,1.0,0.737,6.0,5.0,6.0,9.0,1.0,14.3,55.2,49.0,35.0,9.0,3.0,6.0,3.0,0.161,1.0,1,97.3,2.3,0.3,0.19,0.02,0.11,0.981695,-0.0424270290097804,-2.20011292831625,0.1369047619047619,0.1071428571428571,2448.75,122.44,25.0,50.0,25.0,1.0,1.0,1.0,1.0,1.0,0.0,0.0,0.0,0.9017,0.7327,0.18,0.6442,0.651,0.6326,0.7757,0.4873,0.9017,0.7475,1.0,6.478797318166558,0.0453719008264462,0.84,9.229370641481584,10.126162424825562,3.930437135958579,0.935785123966942,0.0248344955158383,0.1570247933884297,0.1157024793388429
Drg-RT,3.09935998916626,-1.1311956644058228,37903.0829,0.1131498470948012,31.130305810397548,9.49717617034912,0.3363914373088685,0.2262996941896024,0.3700305810397553,-0.3935779816513762,30,20,18,19,13,0.5744,0.4464,0.2869,0.2994,0.1324,0.1134,0.04143,0.00544,0.006399,0,0,1.0,5.5865,3.8276,0.1901,174.0,11.0,579.0,0.532,0.0336,1.771,9.0,0.0,13.0,0.391,0.565,0.3792,-0.3936,3.1332,0.5789,0.7053,1.0,0.77,6.0,3.0,6.0,9.0,1.0,16.3,56.1,44.0,37.0,6.0,7.0,-1.0,0.857,0.083,0.0,1,94.2,5.4,0.3,0.19,-0.34,-0.04,0.991933,0.0001630209862653,-1.796223566667306,0.1437308868501529,0.1651376146788991,2336.67,116.83,20.0,65.0,15.0,1.0,1.0,1.0,1.0,0.0,0.0,0.0,0.0,0.9064,0.7469,0.163,0.6285,0.6344,0.5911,0.7793,0.4928,0.9064,0.7458,1.0,8.130937302518573,0.0491735537190082,0.825,8.965724758073591,10.177940091504905,3.9260285924572154,0.9104958677685948,0.0339137835430331,0.1900826446280991,0.1157024793388429
Ec48-RT,9.456342697143556,-2.246685743331909,46802.923,0.0835380835380835,41.39164619164619,9.67130527496338,0.3464373464373464,0.2628992628992629,0.3636363636363636,-0.3845208845208845,26,47,23,23,27,0.06968,0.04422,0.0734,0.03698,0.04064,0.03794,0.01277,0.01038,0.00441,0,0,0.0,,,,0.0,0.0,0.0,0.0,0.0,0.0,0.0,0.0,0.0,0.0,0.0,0.3735,-0.3845,3.2278,,,,,,,,,,,,,,,,,,,,0,0.0,100.0,0.0,,,,0.798993,0.0315387166245062,-2.437843689131926,0.1105651105651105,0.1154791154791154,2943.82,147.19,35.0,60.0,5.0,0.0,0.0,0.0,0.0,1.0,1.0,0.0,0.0,0.874,0.6618,0.159,0.6816,0.6685,0.7069,0.874,0.5034,0.782,0.606,1.0,7.370194630999543,0.0212132352941176,0.87,26.30767723860156,9.917564003283662,3.9186578099241336,0.9533823529411763,0.0383752976911403,0.1691176470588235,0.1617647058823529
Ec67-RT,9.759358406066896,-2.278226613998413,67232.90139999999,0.1058020477815699,27.124249146757677,9.460816001892091,0.3174061433447099,0.2815699658703071,0.3890784982935154,-0.4390784982935153,31,67,41,26,31,0.1441,0.1337,0.1362,0.09058,0.05974,0.02751,0.01825,0.01718,0.009707,0,0,1.0,8.4578,3.8425,4.8225,294.0,16.0,875.0,0.502,0.0273,1.493,3.0,0.0,11.0,0.158,0.579,0.3567,-0.4391,3.1564,0.4667,0.72,1.0,0.713,7.0,5.0,7.0,22.0,2.0,17.3,47.2,45.0,36.0,7.0,6.0,1.0,1.167,0.155,0.0,0,91.9,7.3,0.8,0.05,-0.26,-0.07,0.289514,0.0183430253530876,-2.6127613856108383,0.151877133105802,0.167235494880546,2385.24,119.26,30.0,40.0,30.0,1.0,1.0,1.0,1.0,1.0,1.0,1.0,1.0,0.848,0.6292,0.204,0.6666,0.6729,0.5959,0.848,0.5518,0.7615,0.5901,1.0,14.178480741491242,0.0,0.83,55.49742866946105,10.271963157551594,3.9189909728405743,0.9825619834710744,0.0082265900660386,0.1074380165289256,0.0909090909090909
Er-RT,1.1732090711593628,-0.159742847084999,48876.1268,0.0845070422535211,28.218333333333337,9.584530830383295,0.3145539906103286,0.272300469483568,0.3544600938967136,-0.4460093896713615,31,39,25,22,23,0.2112,0.1483,0.1127,0.1426,0.136,0.04771,0.01169,0.002161,0.0001397,0,0,0.0,,,,0.0,0.0,0.0,0.0,0.0,0.0,0.0,0.0,0.0,0.0,0.0,0.3638,-0.446,3.1923,,,,,,,,,,,,,,,,,,,,0,0.0,100.0,0.0,,,,0.887788,0.071069550468345,-2.820614300231345,0.136150234741784,0.1619718309859155,2093.95,104.7,15.0,65.0,20.0,1.0,1.0,1.0,1.0,1.0,1.0,1.0,1.0,0.9872,0.8957,0.921,0.6857,0.6894,0.5786,0.8197,0.6233,0.9872,0.7271,1.0,19.57781093318104,0.0213636363636363,0.845,30.03040327976057,11.371189380605571,3.9359618621260206,0.8242148760330578,0.230887589786569,0.140495867768595,0.1487603305785124
FENV1-RT,3.67293643951416,-1.3009915351867676,74381.3548,0.0749625187406296,41.31409295352336,8.52421932220459,0.3463268365817091,0.2503748125937031,0.368815592203898,-0.3713643178410795,39,40,35,39,5,0.5517,0.6564,0.5848,0.8133,0.5344,0.8242,0.7641,0.1733,0.08203,2,0,1.0,6.1297,3.845,0.1886,349.0,14.0,877.0,0.523,0.021,1.315,19.0,0.0,14.0,0.792,0.583,0.3598,-0.3714,2.988,0.6,1.095,1.0,0.77,5.0,6.0,5.0,25.0,6.0,23.3,36.2,86.0,56.0,8.0,9.0,-1.0,0.889,0.651,0.0,0,90.8,8.9,0.3,-0.09,-0.37,-0.21,0.837728,0.0200004879336852,-2.2231776370807963,0.128935532233883,0.128935532233883,2426.83,121.34,25.0,45.0,30.0,1.0,1.0,1.0,1.0,1.0,1.0,1.0,1.0,0.9794,0.8878,0.739,0.9754,0.9794,0.9578,0.7342,0.5828,0.66,0.544,1.0,4.068966045552662,0.0,0.79,69.78892454774822,12.051888089755805,3.9480878291643,0.975619834710744,0.0182545342914303,0.1652892561983471,0.1239669421487603
FoxC-RT,16.932540893554688,-2.829237222671509,61952.76639999999,0.1311787072243346,50.14317490494302,9.546043205261231,0.3517110266159696,0.2452471482889733,0.3745247148288973,-0.5013307984790875,37,48,13,48,24,0.6275,0.7279,0.6568,0.7672,0.6196,0.6796,0.6181,0.6071,0.3949,3,0,1.0,26.5813,3.7864,17.6936,191.0,10.0,828.0,0.363,0.019,1.574,9.0,0.0,11.0,0.391,0.478,0.3384,-0.5013,3.0837,0.5789,1.0316,1.0,0.677,8.0,5.0,7.0,13.0,1.0,12.6,56.4,92.0,69.0,17.0,7.0,10.0,2.429,0.091,1.0,0,84.5,14.5,1.1,-0.16,-1.57,-0.69,0.368092,0.0084424370976138,-3.0739858902467203,0.150190114068441,0.1787072243346007,2394.43,119.72,30.0,50.0,20.0,1.0,1.0,1.0,1.0,1.0,1.0,1.0,1.0,0.785,0.572,0.167,0.6369,0.6153,0.579,0.7462,0.4727,0.785,0.6137,0.0,,0.0127272727272727,0.875,30.301727389411557,11.197167063844113,3.940843565697173,0.7580165289256197,0.2582352477528697,0.140495867768595,0.1157024793388429
FuRT-Cas1-RT,8.801057815551758,-2.174871921539306,28275.1652,0.1041666666666666,44.68291666666666,6.279424095153809,0.3291666666666666,0.25,0.4041666666666667,-0.37125,15,18,15,20,-2,0.5879,0.5006,0.5124,0.629,0.6386,0.25,0.2387,0.1557,0.01713,2,0,0.0,,,,112.0,7.0,372.0,0.467,0.0292,1.55,0.0,0.0,0.0,0.0,0.0,0.3667,-0.3713,3.2801,,,1.0,0.659,7.0,5.0,6.0,8.0,1.0,19.7,49.0,45.0,39.0,4.0,4.0,0.0,1.0,0.2,0.0,0,95.5,4.0,0.4,0.11,-0.08,0.04,1.013978,-0.0395763884772763,-2.139621127499777,0.1708333333333333,0.1208333333333333,2251.22,112.56,15.0,65.0,20.0,0.0,0.0,0.0,0.0,1.0,1.0,1.0,1.0,0.9591,0.8716,0.315,0.7017,0.6888,0.7105,0.8485,0.674,0.9591,0.807,1.0,14.301251705614924,0.0431818181818181,0.835,7.166392635680706,10.34617638110882,3.933189384354002,0.9665289256198348,0.0187034872237408,0.1652892561983471,0.1322314049586777
GALV-RT,3.3656773567199707,-1.2136292457580566,75472.0701,0.0752212389380531,49.436283185840864,9.333555412292483,0.3466076696165192,0.2654867256637168,0.3687315634218289,-0.2970501474926253,44,40,27,40,17,0.6774,0.8036,0.792,0.9138,0.83,0.932,0.8963,0.4574,0.27,2,0,1.0,6.1537,3.8366,0.1635,363.0,20.0,899.0,0.535,0.0295,1.326,18.0,0.0,13.0,0.75,0.542,0.3702,-0.2971,3.0278,0.6,1.095,1.0,0.75,5.0,6.0,5.0,25.0,6.0,22.2,36.5,86.0,52.0,9.0,6.0,3.0,1.5,0.697,1.0,0,91.9,7.9,0.2,-0.06,-0.37,-0.19,0.495113,-0.0043717513441347,-2.659722670212874,0.1415929203539823,0.1327433628318584,2692.4,134.62,35.0,65.0,0.0,1.0,1.0,1.0,1.0,1.0,1.0,1.0,1.0,0.98,0.8638,0.709,0.9775,0.98,0.958,0.771,0.5934,0.6547,0.5284,1.0,5.063376061637918,0.0,0.765,67.20062879904071,12.23883056828471,3.94636178782024,0.9606611570247936,0.0306272567164358,0.1487603305785124,0.1074380165289256
Gate-RT,7.586501598358154,-2.0263705253601074,60357.64469999999,0.0994263862332696,49.878393881453206,9.344128227233888,0.2982791586998088,0.2447418738049713,0.3690248565965583,-0.3225621414913958,38,26,25,24,15,0.6693,0.7849,0.6093,0.711,0.6915,0.59,0.7767,0.7928,0.9083,3,0,1.0,5.565,3.7966,0.1466,261.0,20.0,744.0,0.499,0.0382,1.423,7.0,0.0,10.0,0.35,0.5,0.3824,-0.3226,3.1199,0.625,1.0562,1.0,0.765,5.0,8.0,5.0,16.0,5.0,18.4,44.6,71.0,52.0,5.0,2.0,3.0,2.5,0.192,1.0,0,93.5,6.199999999999999,0.4,0.04,-0.53,-0.18,-0.152451,-0.1976921831561702,-2.4445311807163583,0.1720841300191204,0.0936902485659655,2751.42,137.57,40.0,45.0,15.0,1.0,1.0,1.0,1.0,0.0,1.0,0.0,0.0,0.7963,0.5471,0.083,0.7896,0.7963,0.7584,0.5797,0.4887,0.4991,0.5086,1.0,25.3333270754678,0.0011570247933884,0.765,32.08352162507009,12.08869369663593,3.994750833653971,0.864710743801653,0.2049842598028788,0.140495867768595,0.1157024793388429
GroupII_CLA-RT,3.761259078979492,-1.324753761291504,34733.9245,0.0816993464052287,43.88205882352943,9.951484870910644,0.3235294117647059,0.2516339869281045,0.3496732026143791,-0.3140522875816994,26,18,13,13,18,0.1962,0.1994,0.2189,0.09822,0.07668,0.008477,0.007083,0.0007719,0.0001335,0,0,1.0,24.6144,3.8458,16.3908,163.0,6.0,464.0,0.533,0.0196,1.516,7.0,0.0,16.0,0.333,0.762,0.3758,-0.3141,3.0478,0.5294,0.7882,0.0,,,,,9.0,0.0,14.8,49.5,49.0,40.0,8.0,4.0,4.0,2.0,0.145,1.0,0,90.7,8.5,0.7,0.07,-0.24,-0.05,0.969733,-0.023232820290211,-2.1139481908144537,0.1176470588235294,0.0849673202614379,2449.62,122.48,30.0,45.0,25.0,1.0,1.0,1.0,1.0,1.0,1.0,1.0,1.0,0.8896,0.7175,0.274,0.6498,0.6519,0.3071,0.8492,0.6637,0.8896,0.7855,1.0,7.115365811462474,0.0544210526315789,0.8,5.192585412071289,11.959352723501718,3.960860422451875,0.9026315789473682,0.0894598221112895,0.1052631578947368,0.0947368421052631
Gs-RT,2.1728100776672363,-0.7760211825370789,48487.6755,0.0811455847255369,40.56778042959426,10.485798835754396,0.3078758949880668,0.2243436754176611,0.3723150357995227,-0.4847255369928401,49,26,19,22,34,0.9285,0.9081,0.8373,0.6836,0.4258,0.2119,0.1345,0.0009729,0.0003788,2,0,0.0,,,,0.0,0.0,0.0,0.0,0.0,0.0,0.0,0.0,0.0,0.0,0.0,0.358,-0.4847,3.2182,,,,,,,,,,,,,,,,,,,,0,0.0,100.0,0.0,,,,1.319949,0.1175520007456669,-2.107826732720429,0.0954653937947494,0.1909307875894988,2093.95,104.7,15.0,65.0,20.0,1.0,1.0,1.0,1.0,1.0,1.0,1.0,1.0,0.9872,0.8957,0.921,0.6857,0.6894,0.5786,0.8197,0.6233,0.9872,0.7271,1.0,19.57781093318104,0.0213636363636363,0.845,30.03040327976057,11.371189380605571,3.9359618621260206,0.8242148760330578,0.230887589786569,0.140495867768595,0.1487603305785124
Gypsy-RT,6.497917175292969,-1.8714816570281985,53279.3376,0.1002132196162046,36.53840085287846,9.168709754943851,0.3006396588486141,0.2921108742004264,0.373134328358209,-0.337953091684435,27,37,28,26,10,0.3662,0.4486,0.3827,0.4648,0.4058,0.4903,0.5669,0.4889,0.2293,1,1,1.0,6.8615,3.8317,0.6998,242.0,12.0,646.0,0.516,0.0256,1.377,13.0,0.0,14.0,0.542,0.583,0.3689,-0.338,3.1405,0.65,1.605,1.0,0.685,2.0,9.0,3.0,19.0,5.0,23.1,40.6,93.0,56.0,13.0,12.0,1.0,1.083,0.215,0.0,1,91.7,7.8,0.5,0.02,-0.44,-0.17,0.272462,-0.0408916708185722,-2.8621142277216176,0.1599147121535181,0.1257995735607676,2864.48,143.22,40.0,55.0,5.0,1.0,1.0,1.0,1.0,1.0,1.0,0.0,0.0,0.9165,0.7387,0.234,0.9165,0.893,0.87,0.6704,0.578,0.666,0.5496,1.0,5.008604962990519,0.0006198347107438,0.815,32.348210966323975,10.523406048486883,3.941218301199178,0.96900826446281,0.0191994287830584,0.1652892561983471,0.1322314049586777
HIVpol+MMLVRNaseH_RT,1.9464974403381348,-0.666031539440155,71322.0739,0.0864,35.14368000000001,8.506361579895021,0.3568,0.24,0.3792,-0.536,24,60,29,51,4,0.8315,0.7783,0.6348,0.6575,0.4726,0.8507,0.8198,0.7004,0.3401,1,1,1.0,6.0938,3.8139,0.3012,258.0,23.0,798.0,0.413,0.0368,1.277,4.0,1.0,10.0,0.2,0.5,0.3264,-0.536,3.0448,0.4375,0.4687,1.0,0.71,6.0,2.0,6.0,23.0,4.0,22.1,34.3,80.0,50.0,10.0,9.0,1.0,1.111,0.987,0.0,0,88.1,11.7,0.2,-0.1,-0.96,-0.44,0.841852,0.0866841430989605,-2.4818391721613,0.1344,0.1888,2670.77,133.54,30.0,60.0,10.0,1.0,1.0,1.0,1.0,1.0,1.0,1.0,1.0,0.8619,0.7047,0.245,0.8552,0.8619,0.7543,0.6268,0.7273,0.6229,0.6296,1.0,2.3720522494671226,0.0,0.755,60.35127205332496,12.384048989052047,3.9541273494960634,0.926198347107438,0.0739770594787168,0.1570247933884297,0.1157024793388429
IPMA-RT,8.778963088989258,-2.172358274459839,64126.6329,0.0872600349040139,44.86369982548001,8.909288978576662,0.2966841186736474,0.2914485165794066,0.4031413612565445,-0.0282722513089005,21,32,25,20,8,0.8109,0.7652,0.5382,0.63,0.4903,0.6964,0.8514,0.8539,0.7748,1,1,1.0,5.95,3.8417,0.1798,354.0,4.0,756.0,0.618,0.007,1.319,14.0,0.0,10.0,0.636,0.455,0.3979,-0.0283,3.1045,0.7222,2.0389,1.0,0.85,5.0,5.0,5.0,25.0,4.0,21.3,37.8,71.0,46.0,9.0,6.0,3.0,1.5,0.246,1.0,0,93.2,6.6,0.2,-0.02,-0.36,-0.17,-1.285191,-0.3597042280921501,-2.4083679814854846,0.2495636998254799,0.06282722513089,2719.59,135.98,30.0,60.0,10.0,1.0,1.0,1.0,1.0,1.0,1.0,1.0,1.0,0.932,0.7586,0.322,0.932,0.9229,0.8176,0.6575,0.6825,0.6621,0.5487,1.0,4.156491134815841,0.0,0.795,56.2411702086467,12.842453941298288,3.9473746485887737,0.9514876033057852,0.0296852252434679,0.1074380165289256,0.0991735537190082
KORV-RT,3.50368595123291,-1.253815531730652,75693.3306,0.0752212389380531,42.93303834808272,9.205263328552244,0.3480825958702065,0.2669616519174041,0.3628318584070796,-0.3212389380530974,44,40,31,39,14,0.6555,0.7753,0.7533,0.8986,0.7852,0.9118,0.8744,0.4211,0.2591,2,0,1.0,6.1211,3.8346,0.1676,359.0,17.0,911.0,0.529,0.0251,1.344,18.0,0.0,13.0,0.75,0.542,0.3717,-0.3212,3.0285,0.6,1.095,1.0,0.75,5.0,6.0,5.0,24.0,6.0,22.2,37.8,86.0,54.0,10.0,6.0,4.0,1.667,0.709,1.0,0,93.1,6.5,0.3,-0.03,-0.34,-0.16,0.49773,0.0121720335476781,-2.58283920787344,0.1386430678466076,0.140117994100295,2704.5,135.22,35.0,60.0,5.0,1.0,1.0,1.0,1.0,1.0,1.0,1.0,1.0,0.9793,0.8711,0.725,0.9763,0.9793,0.9544,0.7787,0.5922,0.6573,0.5441,1.0,6.164744347613566,0.0,0.765,68.43560287511544,12.22050870668492,3.9468546648392615,0.9683471074380168,0.0270906249892998,0.1570247933884297,0.1074380165289256
Line1-RT,2.8338065147399902,-1.041620850563049,96676.3446,0.0970873786407767,36.60766990291277,9.691354942321777,0.3495145631067961,0.2354368932038835,0.3968446601941747,-0.545995145631068,40,102,38,55,49,0.3972,0.2889,0.18,0.2937,0.2675,0.4359,0.3731,0.6718,0.1392,1,1,,,,,,,,,,,,,,,,,,,,,,,,,,,,,,,,,,,,,,0,,,,,,,0.999437,0.0860586526669623,-2.5030443803744538,0.1201456310679611,0.1783980582524272,,,,,,,,,,,,,,,,,,,,,,,,,,,,,,,,,,
LtrA-RT,3.097157716751098,-1.1304848194122314,70030.4793,0.1053511705685618,47.08428093645497,9.59903621673584,0.3361204013377926,0.2341137123745819,0.3729096989966555,-0.5667224080267559,36,70,25,41,40,0.6299,0.593,0.3479,0.3417,0.2994,0.07798,0.05383,0.02043,0.002234,2,0,1.0,11.0467,3.8278,7.4928,245.0,22.0,943.0,0.41,0.0368,1.577,9.0,0.0,14.0,0.391,0.609,0.3344,-0.5667,3.1581,0.6316,1.1842,1.0,0.736,7.0,6.0,6.0,19.0,2.0,17.1,47.6,84.0,60.0,9.0,5.0,4.0,1.8,0.142,1.0,0,92.1,7.699999999999999,0.2,0.11,-0.28,-0.05,0.891731,0.0622848518671122,-2.949344081717167,0.12876254180602,0.1722408026755852,2211.28,110.56,10.0,65.0,25.0,1.0,1.0,1.0,1.0,1.0,1.0,1.0,1.0,0.8714,0.648,0.236,0.6891,0.6958,0.5848,0.8299,0.4786,0.8714,0.7302,1.0,14.345955383201584,8.264462809917356e-05,0.845,44.05826314458571,15.719679867615223,3.969531634742987,0.9054545454545454,0.0686118448778606,0.256198347107438,0.1487603305785124
MMLV-RT,3.448884963989258,-1.238050937652588,75295.7755,0.0723781388478582,40.50723781388491,8.546654319763185,0.363367799113737,0.2599704579025111,0.3648449039881831,-0.3187592319054653,36,40,35,36,5,0.4015,0.5095,0.4388,0.7279,0.4331,0.7857,0.7463,0.1474,0.05789,1,1,1.0,6.1134,3.7832,0.2072,362.0,21.0,952.0,0.535,0.031,1.406,18.0,0.0,15.0,0.72,0.6,0.3693,-0.3188,2.995,0.5714,0.8905,1.0,0.75,5.0,6.0,5.0,26.0,6.0,22.9,37.9,86.0,53.0,8.0,7.0,1.0,1.143,0.976,0.0,0,91.9,7.8,0.3,0.02,-0.32,-0.14,0.780471,-0.0015942091589795,-2.3109081976921595,0.1152141802067946,0.1344165435745938,2761.38,138.07,35.0,60.0,5.0,1.0,1.0,1.0,1.0,1.0,1.0,0.0,0.0,0.9843,0.884,0.972,0.9792,0.9843,0.9615,0.71,0.5897,0.6592,0.491,1.0,3.8212465060908114,0.0,0.775,67.25067757003181,12.10681055871792,3.950014465586861,0.9066115702479338,0.0434209310020907,0.1239669421487603,0.1157024793388429
MMTV-RT,8.584270477294922,-2.1499314308166504,69306.35489999999,0.0910596026490066,52.1258443708611,8.678105354309082,0.2996688741721854,0.2599337748344371,0.4139072847682119,-0.2728476821192053,25,45,35,29,6,0.5207,0.5241,0.402,0.5738,0.4318,0.7809,0.8708,0.8727,0.779,1,1,0.0,,,,0.0,0.0,0.0,0.0,0.0,0.0,0.0,0.0,0.0,0.0,0.0,0.3626,-0.2728,3.1403,,,,,,,,,,,,,,,,,,,,0,0.0,100.0,0.0,,,,-0.568116,-0.2082233003125475,-3.0596754288372043,0.1870860927152318,0.0794701986754966,2682.2,134.11,45.0,30.0,25.0,1.0,1.0,1.0,1.0,1.0,1.0,1.0,1.0,0.867,0.707,0.248,0.8624,0.867,0.7277,0.6995,0.6603,0.5597,0.5464,1.0,8.61182442834512,4.132231404958678e-05,0.79,49.96306744467064,12.763361016669691,3.953995702588828,0.9285123966942148,0.0626408403349923,0.1735537190082644,0.0991735537190082
MPMV-RT,8.656078338623047,-2.158261775970459,71875.5678,0.0920436817472698,37.55570982839319,8.728777503967283,0.3198127925117004,0.2745709828393136,0.3900156006240249,-0.1046801872074883,13,45,32,19,7,0.2266,0.2055,0.07849,0.3219,0.1082,0.2857,0.5743,0.5304,0.2312,1,1,1.0,5.8871,3.8126,0.2117,335.0,9.0,828.0,0.523,0.014,1.292,10.0,0.0,10.0,0.455,0.455,0.3963,-0.1047,3.0537,0.6111,1.25,1.0,0.85,5.0,5.0,5.0,24.0,3.0,18.1,34.8,80.0,52.0,10.0,9.0,1.0,1.111,0.244,0.0,0,88.1,10.8,1.1,-0.11,-0.71,-0.35,-1.119678,-0.3214622198161113,-2.552058834662642,0.21996879875195,0.06396255850234,2339.04,116.95,25.0,55.0,20.0,1.0,1.0,1.0,1.0,1.0,1.0,0.0,0.0,0.9226,0.7428,0.289,0.9226,0.9133,0.8448,0.6907,0.6666,0.6095,0.5617,1.0,18.67363767436852,0.0,0.755,56.127068698020665,12.70086920551345,3.959939666492155,0.9430578512396696,0.039342824582897,0.1487603305785124,0.0826446280991735
Med-CasRT,9.759672164916992,-2.278258800506592,35849.978899999995,0.0932475884244373,39.55691318327975,5.5645601272583,0.3504823151125402,0.2508038585209003,0.3536977491961414,-0.5385852090032154,17,17,21,24,-11,0.02335,0.01206,0.005841,0.005216,0.0005625,0.0002317,0.00018,8.342e-05,3.193e-05,0,0,1.0,11.7362,3.8473,7.0304,138.0,17.0,474.0,0.444,0.0547,1.524,6.0,0.0,14.0,0.261,0.609,0.3473,-0.5386,3.0828,0.4737,0.4632,1.0,0.652,7.0,5.0,6.0,11.0,1.0,16.8,43.9,54.0,45.0,6.0,11.0,-5.0,0.545,0.109,-1.0,0,87.7,12.0,0.4,0.01,-0.34,-0.13,1.259983,0.0777266675064533,-2.567975142159945,0.1286173633440514,0.1607717041800643,2901.49,145.07,45.0,50.0,5.0,1.0,1.0,1.0,1.0,1.0,1.0,1.0,1.0,0.9118,0.7886,0.274,0.7043,0.699,0.6731,0.8261,0.5437,0.9118,0.7207,1.0,4.798273831288459,0.0517355371900826,0.815,2.9470567370239498,11.011541966687252,3.940958561759406,0.9304132231404956,0.03317471302127,0.1157024793388429,0.1487603305785124
Mx65-RT,4.748226165771484,-1.55777108669281,47892.7957,0.0610328638497652,53.71197183098594,11.206490898132325,0.323943661971831,0.2347417840375587,0.3615023474178404,-0.3936619718309859,62,15,17,23,37,0.3416,0.1886,0.149,0.1309,0.07797,0.03354,0.0153,0.0003632,0.0006996,0,0,1.0,8.7186,3.8572,4.7174,161.0,15.0,646.0,0.378,0.0352,1.516,5.0,0.0,11.0,0.25,0.55,0.3732,-0.3937,3.1483,0.4375,0.4562,0.0,,,,,10.0,0.0,16.0,47.3,53.0,38.0,10.0,8.0,2.0,1.25,0.226,0.0,0,88.3,10.1,1.6,-0.07,-0.63,-0.29,1.389092,0.2210060311878391,-2.333291523922004,0.1384976525821596,0.2535211267605634,2435.56,121.78,25.0,40.0,35.0,1.0,1.0,1.0,1.0,1.0,1.0,1.0,1.0,0.9106,0.7119,0.255,0.6755,0.671,0.6691,0.9106,0.4551,0.7996,0.5511,1.0,6.57454209838844,0.0460743801652892,0.83,7.825554349775162,12.91367270036097,3.9522795575836023,0.9258677685950414,0.0546276405790807,0.1487603305785124,0.1157024793388429
Ne144-RT,6.025179862976074,-1.7959473133087158,56880.6658,0.0643274853801169,50.38538011695917,10.126129722595213,0.3684210526315789,0.2514619883040935,0.2982456140350877,-0.5023391812865496,57,33,19,40,31,0.1224,0.04609,0.03454,0.006662,0.008527,0.004032,0.001673,0.0001317,0.0006418,0,0,1.0,8.7514,3.848,4.8067,190.0,18.0,776.0,0.37,0.0351,1.513,3.0,0.0,12.0,0.158,0.632,0.3684,-0.5023,3.0714,0.4,0.2333,1.0,0.484,2.0,4.0,7.0,11.0,1.0,13.1,50.2,70.0,44.0,11.0,7.0,4.0,1.571,0.214,1.0,0,86.9,12.2,0.9,-0.08,-0.68,-0.32,1.948546,0.3626307209518149,-2.508145212270222,0.1052631578947368,0.2943469785575048,2518.62,125.93,35.0,50.0,15.0,1.0,1.0,1.0,1.0,1.0,1.0,0.0,0.0,0.8742,0.6733,0.292,0.7101,0.7142,0.5603,0.8742,0.512,0.7517,0.655,1.0,8.800121324094086,0.032892561983471,0.855,12.735617255640918,13.10692007607215,3.9419462001007664,0.9423140495867768,0.0495836678723144,0.1818181818181818,0.1322314049586777
Ngaro-RT,9.827791213989258,-2.2852141857147217,51751.5014,0.1154684095860566,48.511808278867136,8.071135520935059,0.3006535947712418,0.2984749455337691,0.3986928104575163,0.1468409586056644,18,22,18,20,2,0.7515,0.8124,0.665,0.8403,0.698,0.8602,0.8399,0.9027,0.7117,3,0,0.0,,,,275.0,10.0,642.0,0.599,0.0218,1.399,0.0,0.0,0.0,0.0,0.0,0.4292,0.1468,3.0492,,,1.0,0.782,4.0,11.0,4.0,19.0,3.0,20.3,43.2,66.0,41.0,6.0,5.0,1.0,1.2,0.318,0.0,0,90.4,9.4,0.2,-0.04,-0.25,-0.12,-1.202845,-0.4064061194521866,-2.453204027071756,0.2440087145969499,0.0479302832244008,2652.07,132.6,40.0,55.0,5.0,0.0,0.0,0.0,0.0,1.0,1.0,0.0,0.0,0.8599,0.6699,0.172,0.852,0.8599,0.6979,0.7047,0.6527,0.7273,0.5475,1.0,17.387227746994935,8.474576271186441e-05,0.795,48.213697344857366,12.049757484466568,3.9507862673902583,0.8052542372881354,0.189936070241603,0.1440677966101695,0.0677966101694915
PERV-RT,3.1108498573303223,-1.134895920753479,74346.74969999999,0.0749625187406296,40.87271364317849,9.152979469299318,0.3448275862068965,0.2443778110944527,0.3808095952023987,-0.2539730134932534,41,37,32,34,12,0.6367,0.7893,0.7123,0.8785,0.7515,0.9104,0.8661,0.3027,0.1252,2,0,1.0,6.0544,3.8099,0.1275,362.0,15.0,904.0,0.543,0.0225,1.355,18.0,0.0,16.0,0.72,0.64,0.3808,-0.254,3.0469,0.5714,0.981,1.0,0.75,5.0,6.0,5.0,24.0,6.0,22.7,37.7,86.0,54.0,10.0,7.0,3.0,1.429,0.709,1.0,0,93.6,6.1000000000000005,0.3,0.01,-0.32,-0.14,0.296968,-0.0849200504250982,-2.257609250852348,0.1499250374812593,0.0974512743628185,2980.71,149.04,50.0,50.0,0.0,1.0,1.0,1.0,1.0,1.0,1.0,0.0,0.0,0.9791,0.8628,0.752,0.9757,0.9791,0.9562,0.7661,0.5978,0.657,0.5005,1.0,5.525156577135852,0.0,0.75,67.25936898891366,12.21054957843375,3.9481577339608416,0.9194214876033058,0.0393597024907802,0.140495867768595,0.1074380165289256
POL11ERV-RT,3.71369194984436,-1.3120265007019043,64676.38050000001,0.0840630472854641,40.16744308231174,8.813231086730958,0.3099824868651488,0.25569176882662,0.4115586690017513,-0.1551663747810858,22,42,30,27,7,0.3949,0.4558,0.2736,0.5572,0.3122,0.7397,0.8252,0.8783,0.7651,1,1,0.0,,,,0.0,0.0,0.0,0.0,0.0,0.0,0.0,0.0,0.0,0.0,0.0,0.3923,-0.1552,3.1575,,,,,,,,,,,,,,,,,,,,0,0.0,100.0,0.0,,,,-0.78526,-0.2131574770887793,-2.677023660316741,0.2259194395796847,0.1068301225919439,3056.33,152.82,40.0,55.0,5.0,1.0,1.0,1.0,1.0,1.0,1.0,1.0,1.0,0.9171,0.7463,0.248,0.9171,0.9116,0.8451,0.6914,0.7431,0.6588,0.5546,1.0,7.113715953456597,0.0,0.76,57.89999765925203,12.654321228916826,3.961264869879824,0.7545454545454545,0.0900476467152952,0.1322314049586777,0.1074380165289256
ROSE-CRISPR-RT,8.033197402954102,-2.083582639694214,48954.7173,0.0650224215246636,43.78721973094169,9.419943046569824,0.3408071748878923,0.2600896860986547,0.3183856502242152,-0.1522421524663677,49,7,26,22,8,0.2812,0.2226,0.1385,0.03282,0.002112,0.002367,0.001416,6.013e-06,4.76e-07,0,0,0.0,,,,196.0,14.0,710.0,0.439,0.0314,1.592,12.0,0.0,14.0,0.5,0.583,0.4283,-0.1522,3.099,,,1.0,0.635,7.0,5.0,6.0,8.0,1.0,10.3,55.3,63.0,50.0,9.0,6.0,3.0,1.5,0.222,1.0,0,88.7,11.0,0.3,-0.08,-0.52,-0.26,1.193858,0.0664056954969164,-2.453431980552946,0.1076233183856502,0.1816143497757847,2379.52,118.98,25.0,65.0,10.0,0.0,0.0,0.0,0.0,1.0,1.0,1.0,1.0,0.8861,0.74,0.188,0.6718,0.6757,0.5978,0.8,0.4566,0.8861,0.4971,1.0,24.050829407176256,0.0084710743801652,0.885,8.701072364180789,10.349659090266773,3.9241937994477385,0.895702479338843,0.1346543103118646,0.1074380165289256,0.140495867768595
RSVSB-RT,9.8226957321167,-2.284695625305176,68774.2308,0.0702875399361022,44.51407348242821,6.974280738830567,0.3482428115015974,0.2635782747603834,0.3913738019169329,0.1078274760383386,39,22,28,34,-1,0.5916,0.4349,0.4196,0.572,0.3278,0.7506,0.8228,0.2873,0.1659,1,1,1.0,5.973,3.8134,0.2401,388.0,12.0,780.0,0.62,0.0192,1.246,10.0,0.0,17.0,0.435,0.739,0.4313,0.1078,3.0584,0.5789,0.9211,1.0,0.831,3.0,12.0,3.0,27.0,4.0,22.4,33.0,70.0,45.0,7.0,7.0,0.0,1.0,0.229,0.0,0,87.6,11.4,0.9,-0.16,-0.48,-0.3,-0.799422,-0.2700217902649515,-2.454570270016589,0.2044728434504792,0.0654952076677316,2417.8,120.89,15.0,55.0,30.0,1.0,1.0,1.0,1.0,1.0,1.0,1.0,1.0,0.9329,0.7687,0.31,0.9329,0.9295,0.8312,0.6566,0.6596,0.5919,0.3041,1.0,5.590036339522603,0.0,0.765,54.27272105864673,12.499568387706324,3.9529860426838592,0.9485123966942148,0.0361589597587517,0.1157024793388429,0.0991735537190082
Retron86-RT,2.601273536682129,-0.9560011625289916,36291.9132,0.0909090909090909,43.36645768025076,10.027106285095217,0.3134796238244514,0.2789968652037617,0.3855799373040752,-0.2730407523510972,22,31,10,14,29,0.399,0.4071,0.3869,0.4295,0.3898,0.2684,0.174,0.3532,0.2757,0,0,1.0,8.6756,3.8272,4.8684,167.0,7.0,510.0,0.524,0.0219,1.599,3.0,0.0,14.0,0.143,0.667,0.3636,-0.273,3.1661,0.4118,0.2294,1.0,0.77,7.0,7.0,7.0,10.0,1.0,15.4,52.2,62.0,44.0,13.0,6.0,7.0,2.167,1.0,1.0,0,91.6,7.6,0.7,0.14,-0.08,0.05,0.578626,-0.0895273423145542,-2.111644123344586,0.1755485893416928,0.1379310344827586,2169.38,108.47,30.0,45.0,25.0,1.0,1.0,1.0,1.0,1.0,1.0,0.0,0.0,0.9169,0.847,0.955,0.6829,0.6894,0.6944,0.9169,0.5603,0.822,0.7376,0.0,,0.0474380165289256,0.845,10.888235321925084,10.43308380429796,3.9259529600807,0.965206611570248,0.0149574699902908,0.1570247933884297,0.0495867768595041
Rs-RT,7.692510604858398,-2.040247201919556,32567.2897,0.0787671232876712,33.92465753424658,9.338583946228027,0.3356164383561644,0.2465753424657534,0.3732876712328767,-0.0455479452054794,24,13,17,13,7,0.2338,0.1815,0.1746,0.1183,0.04047,0.007811,0.00585,0.002047,0.001064,0,0,0.0,,,,0.0,0.0,0.0,0.0,0.0,0.0,0.0,0.0,0.0,0.0,0.0,0.4281,-0.0455,3.1581,,,,,,,,,,,,,,,,,,,,0,0.0,100.0,0.0,,,,0.522281,-0.1422029381352836,-2.010577399862122,0.1780821917808219,0.1164383561643835,2298.33,114.92,25.0,45.0,30.0,1.0,1.0,1.0,1.0,1.0,1.0,1.0,1.0,0.9421,0.7451,0.24,0.6578,0.6525,0.5647,0.8484,0.634,0.9421,0.7895,1.0,8.983398264637396,0.0518181818181818,0.835,3.221473270300996,10.542320336615836,3.924085028522881,0.9595867768595042,0.0455411102089603,0.1239669421487603,0.0909090909090909
SEN1-RT,3.424794435501098,-1.231041431427002,35939.2659,0.1032258064516129,40.49712903225806,9.664213752746583,0.3258064516129032,0.2741935483870967,0.3967741935483871,-0.3777419354838709,15,36,18,14,19,0.1147,0.0953,0.1405,0.1264,0.1031,0.1089,0.03715,0.02477,0.01072,0,0,1.0,5.8265,3.8134,0.1436,183.0,6.0,523.0,0.59,0.0194,1.687,3.0,0.0,13.0,0.143,0.619,0.3645,-0.3777,3.2084,0.4706,0.2353,1.0,0.693,7.0,6.0,7.0,10.0,1.0,16.2,51.5,65.0,44.0,12.0,4.0,8.0,3.0,0.323,1.0,0,95.5,4.2,0.3,0.25,-0.03,0.12,0.802754,-0.0560755220337992,-2.766597482087771,0.1516129032258064,0.1064516129032258,1959.47,97.97,10.0,50.0,40.0,1.0,1.0,1.0,1.0,0.0,1.0,1.0,1.0,0.9607,0.8275,0.455,0.7203,0.6796,0.7288,0.9607,0.568,0.8146,0.7039,1.0,2.9359253537681287,0.0436776859504132,0.825,10.80271177173789,10.65151550728812,3.918414760159726,0.910413223140496,0.0460501876150996,0.140495867768595,0.1157024793388429
SRV2-RT,8.44397258758545,-2.133452892303467,71907.5134,0.0967238689547581,41.86709828393143,9.154784584045409,0.3042121684867394,0.2698907956318253,0.4009360374414976,-0.100780031201248,19,41,31,16,13,0.2352,0.1967,0.0847,0.3397,0.1525,0.3903,0.6575,0.4829,0.1755,1,1,1.0,5.9005,3.8045,0.24,328.0,9.0,832.0,0.512,0.014,1.298,9.0,0.0,9.0,0.409,0.409,0.3931,-0.1008,3.0434,0.6111,1.25,1.0,0.85,5.0,5.0,5.0,24.0,3.0,18.4,35.8,72.0,44.0,8.0,6.0,2.0,1.333,0.233,0.0,0,87.1,12.1,0.7,-0.12,-0.57,-0.3,-1.145563,-0.3548269076108349,-2.3546420465198823,0.2308892355694227,0.0577223088923556,2446.13,122.31,25.0,60.0,15.0,1.0,1.0,1.0,1.0,1.0,1.0,0.0,0.0,0.9159,0.7332,0.289,0.9159,0.9079,0.8464,0.6448,0.6714,0.6053,0.5634,1.0,20.83262648495744,0.0,0.765,57.80286835131642,12.66448359985508,3.958375222529628,0.9440495867768596,0.0410947365345691,0.1239669421487603,0.0578512396694214
Sau1-RT,5.134877681732178,-1.6360560655593872,52944.0541,0.0584551148225469,44.38288100208767,10.190984916687016,0.4050104384133612,0.2233820459290188,0.3152400835073068,-0.4981210855949896,48,36,20,37,27,0.1602,0.08393,0.05083,0.03922,0.01398,0.002847,0.000789,4.569e-05,0.0001141,0,0,1.0,8.6167,3.8695,4.7495,194.0,16.0,744.0,0.405,0.0334,1.553,3.0,0.0,12.0,0.158,0.632,0.3737,-0.4981,3.0691,0.4,0.1333,0.0,,,,,11.0,0.0,12.8,47.9,59.0,39.0,12.0,6.0,6.0,2.0,0.254,1.0,0,85.3,14.5,0.2,-0.02,-0.7,-0.29,1.984723,0.3361773386307412,-2.3844753651845663,0.0981210855949895,0.2526096033402922,2627.87,131.39,35.0,55.0,10.0,1.0,1.0,1.0,1.0,1.0,1.0,1.0,1.0,0.8713,0.6619,0.276,0.7073,0.7071,0.7135,0.8713,0.5484,0.7284,0.5584,1.0,14.038765515074362,0.0428099173553719,0.815,11.543129787486958,14.092693935649226,3.937815038975191,0.8929752066115704,0.1278502282217353,0.2148760330578512,0.0909090909090909
TCDM_11122-RT,6.561050415039063,-1.881150722503662,68214.1732,0.0789473684210526,47.83009868421061,9.241043281555177,0.3042763157894737,0.2911184210526316,0.3552631578947368,-0.3080592105263158,48,22,24,33,13,0.01811,0.0147,0.03523,0.05276,0.04751,0.1372,0.09411,0.02811,0.02816,0,0,1.0,15.1654,3.8907,9.4034,253.0,11.0,860.0,0.416,0.0181,1.414,8.0,0.0,12.0,0.381,0.571,0.3602,-0.3081,2.9865,0.5294,0.6118,1.0,0.706,8.0,11.0,7.0,18.0,2.0,14.2,43.2,89.0,56.0,7.0,8.0,-1.0,0.875,0.166,0.0,0,82.2,14.5,3.4,-0.22,-1.11,-0.55,0.022037,-0.0399861589180822,-3.3470321656337445,0.1759868421052631,0.1513157894736842,2637.07,131.85,30.0,65.0,5.0,1.0,1.0,1.0,1.0,1.0,0.0,0.0,0.0,0.8391,0.4816,0.095,0.6797,0.6795,0.6047,0.8391,0.4806,0.832,0.7207,1.0,11.483730069526594,0.0,0.915,36.02274584473023,12.735049045252426,3.940248154788896,0.911404958677686,0.1349436504688752,0.1487603305785124,0.0909090909090909
Tel4c-RT,3.743699073791504,-1.320074200630188,64439.5719,0.0802139037433155,42.62212121212123,10.075070762634276,0.3351158645276292,0.2370766488413547,0.3493761140819964,-0.6459893048128342,46,57,29,30,44,0.9585,0.9434,0.8779,0.8504,0.6641,0.4273,0.1145,0.009204,0.009872,2,0,1.0,11.703,3.7905,6.9634,254.0,26.0,906.0,0.453,0.0463,1.615,11.0,0.0,11.0,0.478,0.478,0.3333,-0.646,3.1234,0.6842,1.4053,1.0,0.692,7.0,5.0,6.0,16.0,1.0,16.2,48.0,69.0,46.0,14.0,5.0,9.0,2.8,0.168,1.0,0,90.6,8.8,0.6,0.11,-0.4,-0.1,1.587499,0.2242293527796836,-2.637328204541357,0.0909090909090909,0.2192513368983957,2768.03,138.4,30.0,65.0,5.0,1.0,1.0,1.0,1.0,1.0,1.0,1.0,1.0,0.8699,0.6777,0.215,0.689,0.684,0.5632,0.8161,0.5836,0.8699,0.7038,1.0,10.163132613429129,0.0,0.855,38.723953688892784,11.25095150772597,3.939372203773508,0.9231404958677684,0.0340863029869472,0.1735537190082644,0.1239669421487603
Tf1-RT,6.449528217315674,-1.8640069961547847,58402.7327,0.0891089108910891,44.75089108910895,9.1707727432251,0.3287128712871287,0.2673267326732673,0.3643564356435643,-0.4978217821782178,20,53,25,34,14,0.4,0.4115,0.3665,0.6951,0.3658,0.5852,0.609,0.4164,0.2555,1,1,0.0,,,,0.0,0.0,0.0,0.0,0.0,0.0,0.0,0.0,0.0,0.0,0.0,0.3485,-0.4978,3.1852,,,,,,,,,,,,,,,,,,,,1,0.0,100.0,0.0,,,,0.758089,0.0134524002256339,-2.2341633134410817,0.1425742574257425,0.1346534653465346,2879.63,143.98,50.0,45.0,5.0,1.0,1.0,1.0,1.0,1.0,0.0,0.0,0.0,0.9132,0.7019,0.217,0.9132,0.8958,0.8981,0.7938,0.6078,0.672,0.4754,1.0,20.97472194481433,0.0006611570247933,0.8,35.75266364633864,10.494724777265365,3.935043487353164,0.9664462809917356,0.0192712067249842,0.2066115702479339,0.0991735537190082
Thr-RT,17.149066925048828,-2.8419437408447266,70457.1847,0.1125827814569536,40.56428807947029,9.831444740295408,0.3278145695364238,0.2831125827814569,0.390728476821192,-0.4264900662251656,34,66,26,35,39,0.582,0.6618,0.5417,0.6727,0.3727,0.6455,0.5098,0.5569,0.1124,1,1,1.0,36.1293,3.8033,21.4477,244.0,13.0,917.0,0.404,0.0215,1.518,7.0,0.0,10.0,0.304,0.435,0.3493,-0.4265,3.1589,0.5263,0.9895,1.0,0.665,7.0,5.0,7.0,11.0,1.0,9.5,51.9,105.0,76.0,15.0,11.0,4.0,1.364,0.169,1.0,0,77.7,20.7,1.6,-0.27,-1.73,-0.8,0.345482,-0.0167148173143658,-2.324550345952633,0.1357615894039735,0.1341059602649006,2424.94,121.25,10.0,75.0,15.0,1.0,1.0,1.0,1.0,1.0,1.0,1.0,1.0,0.7625,0.4921,0.072,0.6362,0.6363,0.5438,0.7625,0.4164,0.7468,0.6904,1.0,5.7020290729108325,0.0257024793388429,0.83,26.60887047392273,12.016185231853122,3.9481353526208944,0.6503305785123968,0.3711494342976482,0.0909090909090909,0.1157024793388429
Ty1B-RT,12.42147159576416,-2.5194265842437744,75367.4102,0.0903522205206738,41.10826952526809,8.935849952697758,0.3261868300153139,0.2879019908116386,0.3797856049004594,-0.6032159264931087,25,68,39,43,11,0.2134,0.1461,0.1849,0.4104,0.3734,0.7197,0.7391,0.5478,0.4804,1,1,0.0,,,,258.0,21.0,868.0,0.395,0.0322,1.329,10.0,0.0,7.0,0.455,0.318,0.3139,-0.6032,3.0935,,,1.0,0.755,2.0,8.0,2.0,22.0,2.0,19.5,36.8,16.0,16.0,2.0,1.0,1.0,2.0,0.25,0.0,0,80.4,17.6,2.0,-0.22,-1.0,-0.5,0.953931,0.121471365819174,-3.035240559929637,0.1301684532924961,0.1914241960183767,2744.89,137.24,40.0,60.0,0.0,0.0,0.0,0.0,0.0,0.0,1.0,0.0,0.0,0.8077,0.4917,0.083,0.7986,0.8049,0.8077,0.6528,0.4835,0.5322,0.5155,1.0,3.698641049904501,0.0005785123966942,0.8,40.304229909514255,11.136710223928452,3.987900242057098,0.8636363636363636,0.1812483621121211,0.2396694214876033,0.140495867768595
Ty3-RT,5.600403308868408,-1.7228386402130127,54744.4057,0.0941422594142259,45.91924686192469,9.187470054626464,0.3075313807531381,0.2782426778242678,0.3765690376569037,-0.4230125523012553,25,42,29,24,14,0.6712,0.663,0.6939,0.8249,0.6733,0.5951,0.6629,0.5392,0.6414,3,0,1.0,17.4383,3.8237,10.592,236.0,14.0,631.0,0.494,0.0293,1.32,16.0,0.0,9.0,0.696,0.391,0.3619,-0.423,3.1563,0.6842,1.7579,1.0,0.715,8.0,5.0,5.0,20.0,3.0,22.4,39.0,79.0,49.0,13.0,6.0,7.0,2.167,0.291,1.0,0,90.6,9.1,0.2,-0.0,-0.24,-0.1,0.551809,-0.0290596181802472,-2.426862866370952,0.1338912133891213,0.1443514644351464,2676.12,133.81,35.0,60.0,5.0,1.0,1.0,1.0,1.0,0.0,1.0,0.0,0.0,0.906,0.7049,0.204,0.906,0.9044,0.8787,0.667,0.7201,0.6068,0.4869,1.0,8.62713142161203,0.0007851239669421,0.81,34.188919981486904,10.630773282039115,3.933969289382824,0.9741322314049587,0.0155975024366848,0.1652892561983471,0.140495867768595
Tyrosinerecomb-RT,11.456059455871582,-2.438518762588501,70203.4439,0.0922570016474464,41.46163097199347,9.7660737991333,0.3130148270181219,0.2668863261943986,0.4019769357495881,-0.2319604612850082,27,54,25,21,35,0.4385,0.4721,0.2661,0.528,0.3587,0.6354,0.8821,0.9346,0.9138,1,1,1.0,6.0337,3.8187,0.3183,344.0,19.0,840.0,0.567,0.0313,1.384,11.0,1.0,9.0,0.478,0.391,0.3756,-0.232,3.1653,0.6316,1.2737,1.0,0.76,4.0,2.0,5.0,25.0,5.0,21.8,42.4,100.0,64.0,14.0,8.0,6.0,1.75,0.14,1.0,0,91.7,7.8,0.5,0.01,-0.37,-0.14,-0.967489,-0.2857481729249869,-2.702579748184631,0.2092257001647446,0.0658978583196046,2476.3,123.81,35.0,55.0,10.0,1.0,1.0,1.0,1.0,1.0,0.0,0.0,0.0,0.878,0.7204,0.178,0.8685,0.878,0.7418,0.7077,0.6771,0.6747,0.5371,1.0,8.429518543947765,0.0,0.81,54.24119182779668,10.939639239845665,3.944038347149271,0.965702479338843,0.0271478233831847,0.1487603305785124,0.0909090909090909
Vc95-RT,4.9379072189331055,-1.596941590309143,36256.8488,0.0796178343949044,47.31783439490445,9.98404140472412,0.2834394904458598,0.2738853503184713,0.4044585987261146,-0.2840764331210191,19,29,11,12,25,0.04784,0.03878,0.0637,0.06404,0.04694,0.06118,0.03922,0.01211,0.005826,0,0,1.0,24.9195,3.8063,16.3642,173.0,8.0,538.0,0.551,0.0255,1.713,3.0,0.0,11.0,0.143,0.524,0.3694,-0.2841,3.2912,0.4118,0.0353,1.0,0.713,7.0,5.0,7.0,10.0,1.0,16.0,50.8,67.0,44.0,11.0,4.0,7.0,2.75,0.194,1.0,0,92.8,6.6,0.7,0.22,-0.07,0.09,0.628979,-0.1361006491654145,-2.113778863876852,0.1624203821656051,0.1114649681528662,2170.34,108.52,10.0,65.0,25.0,1.0,1.0,1.0,1.0,0.0,1.0,0.0,0.0,0.9748,0.8496,0.457,0.6876,0.6888,0.7294,0.9748,0.5663,0.8172,0.6965,1.0,4.195584414063396,0.0439256198347107,0.82,10.568739688264214,10.817451472036756,3.920788425296024,0.9227272727272728,0.0440824770024501,0.1652892561983471,0.0826446280991735
Vp96-RT,3.6685757637023926,-1.2998034954071045,36051.0329,0.1121794871794871,33.53942307692307,9.339357566833495,0.3237179487179487,0.2564102564102564,0.4006410256410256,-0.3455128205128205,14,30,13,19,12,0.04386,0.01868,0.02309,0.02173,0.02657,0.03622,0.02435,0.02109,0.004378,0,0,0.0,,,,0.0,0.0,0.0,0.0,0.0,0.0,0.0,0.0,0.0,0.0,0.0,0.359,-0.3455,3.1457,,,,,,,,,,,,,,,,,,,,0,0.0,100.0,0.0,,,,0.618327,-0.1197288620301856,-2.138231745790734,0.1634615384615384,0.1153846153846153,,,0.0,0.0,0.0,0.0,0.0,0.0,0.0,0.0,0.0,0.0,0.0,0.9785,0.8625,0.579,0.7162,0.6835,0.728,0.9785,0.5619,0.7987,0.6841,1.0,,0.0,0.0,,,0.0,,,0.1239669421487603,0.0991735537190082
WDSV-RT,9.78903102874756,-2.2812623977661133,76353.25690000001,0.077485380116959,44.80131578947383,8.51055202484131,0.3099415204678362,0.2587719298245614,0.3859649122807017,-0.1219298245614035,27,44,38,27,6,0.5442,0.5673,0.4749,0.7104,0.4396,0.5719,0.8463,0.639,0.5477,1,1,1.0,6.2681,3.8012,0.3201,353.0,20.0,896.0,0.516,0.0292,1.31,14.0,0.0,12.0,0.583,0.5,0.3962,-0.1219,3.0699,0.7,1.945,1.0,0.81,5.0,6.0,5.0,23.0,6.0,22.1,37.3,86.0,50.0,10.0,9.0,1.0,1.111,0.395,0.0,0,89.5,9.8,0.7,-0.07,-0.41,-0.21,-1.012724,-0.255550315921854,-2.743554822411587,0.2280701754385964,0.1096491228070175,3075.41,153.77,60.0,40.0,0.0,1.0,1.0,1.0,1.0,1.0,1.0,0.0,0.0,0.9522,0.8283,0.391,0.9522,0.9358,0.921,0.8189,0.6012,0.5976,0.5488,1.0,6.534673547427625,0.0,0.775,69.23143379570618,10.854986951871863,3.9346538805911,0.9702479338842976,0.0156483585021539,0.1570247933884297,0.0909090909090909
WMSV-RT,3.248924016952514,-1.1783238649368286,74741.3015,0.0744047619047619,44.43273809523821,9.291135215759276,0.3541666666666667,0.2633928571428571,0.3675595238095238,-0.2787202380952381,43,41,29,39,16,0.7232,0.8445,0.828,0.925,0.8354,0.9353,0.9037,0.5032,0.2916,3,0,1.0,6.1635,3.8303,0.1637,365.0,19.0,896.0,0.543,0.0283,1.333,18.0,0.0,14.0,0.75,0.583,0.3765,-0.2787,3.037,0.6,1.095,1.0,0.75,5.0,6.0,5.0,24.0,6.0,22.7,36.1,86.0,52.0,10.0,7.0,3.0,1.429,0.709,1.0,0,92.7,7.1,0.2,-0.05,-0.39,-0.19,0.463192,-0.008411465831943,-2.659722670212874,0.1413690476190476,0.119047619047619,2709.67,135.48,35.0,65.0,0.0,1.0,1.0,1.0,1.0,1.0,1.0,1.0,1.0,0.9792,0.8646,0.725,0.9768,0.9792,0.9608,0.7744,0.5934,0.6557,0.5218,1.0,16.79350059338905,0.0,0.765,66.78413979705941,12.211919223208382,3.946138610232473,0.9541322314049588,0.0315623345972273,0.1487603305785124,0.1074380165289256
"retronE,coli-RT",2.7406647205352783,-1.0082005262374878,37511.2831,0.0870870870870871,44.61471471471469,10.027106285095217,0.3093093093093093,0.2912912912912913,0.3753753753753754,-0.2477477477477478,22,31,10,14,29,0.5084,0.5557,0.4808,0.576,0.5067,0.3135,0.1814,0.3492,0.3125,1,1,1.0,8.6581,3.8484,4.8709,171.0,6.0,520.0,0.514,0.018,1.562,3.0,0.0,14.0,0.15,0.7,0.3634,-0.2477,3.1319,0.4375,0.525,1.0,0.77,7.0,7.0,7.0,10.0,1.0,14.8,51.5,62.0,44.0,13.0,6.0,7.0,2.167,1.0,1.0,0,89.2,10.5,0.3,0.05,-0.33,-0.1,0.573197,-0.0914389860794546,-2.111644123344586,0.1711711711711711,0.1321321321321321,2349.18,117.46,30.0,50.0,20.0,1.0,1.0,1.0,1.0,1.0,1.0,0.0,0.0,0.9178,0.8425,0.955,0.6999,0.6897,0.7214,0.9178,0.5653,0.8224,0.7375,0.0,,0.046694214876033,0.84,11.8693878720497,10.433556137911635,3.925771635415412,0.9839669421487606,0.0078916039154616,0.1570247933884297,0.0495867768595041
